-- phpMyAdmin SQL Dump
-- version 5.2.0
-- https://www.phpmyadmin.net/
--
-- Host: 127.0.0.1
-- Generation Time: Nov 13, 2022 at 06:16 PM
-- Server version: 10.4.25-MariaDB
-- PHP Version: 7.4.30

SET SQL_MODE = "NO_AUTO_VALUE_ON_ZERO";
START TRANSACTION;
SET time_zone = "+00:00";


/*!40101 SET @OLD_CHARACTER_SET_CLIENT=@@CHARACTER_SET_CLIENT */;
/*!40101 SET @OLD_CHARACTER_SET_RESULTS=@@CHARACTER_SET_RESULTS */;
/*!40101 SET @OLD_COLLATION_CONNECTION=@@COLLATION_CONNECTION */;
/*!40101 SET NAMES utf8mb4 */;

--
-- Database: `ksebdb`
--

-- --------------------------------------------------------

--
-- Table structure for table `bill`
--

CREATE TABLE `bill` (
  `id` int(11) NOT NULL,
  `consumerid` int(11) NOT NULL,
  `month` int(20) NOT NULL,
  `year` int(11) NOT NULL,
  `bill` int(11) NOT NULL,
  `paidstatus` varchar(20) NOT NULL,
  `billdate` date NOT NULL,
  `totalunit` int(11) NOT NULL,
  `duedate` date NOT NULL,
  `invoice` int(11) NOT NULL
) ENGINE=InnoDB DEFAULT CHARSET=utf8mb4;

--
-- Dumping data for table `bill`
--

INSERT INTO `bill` (`id`, `consumerid`, `month`, `year`, `bill`, `paidstatus`, `billdate`, `totalunit`, `duedate`, `invoice`) VALUES
(70, 2, 11, 2022, 12050, '0', '2022-11-11', 2410, '2022-11-25', 97915),
(71, 3, 11, 2022, 145, '0', '2022-11-11', 29, '2022-11-25', 12261),
(72, 4, 11, 2022, 65, '0', '2022-11-11', 13, '2022-11-25', 88966),
(73, 5, 11, 2022, 55, '0', '2022-11-11', 11, '2022-11-25', 59256);

-- --------------------------------------------------------

--
-- Table structure for table `consumer`
--

CREATE TABLE `consumer` (
  `id` int(11) NOT NULL,
  `consumerCode` int(11) NOT NULL,
  `consumerName` varchar(20) NOT NULL,
  `consumerPhone` bigint(20) NOT NULL,
  `consumerEmail` varchar(20) NOT NULL,
  `consumerAddress` varchar(20) NOT NULL
) ENGINE=InnoDB DEFAULT CHARSET=utf8mb4;

--
-- Dumping data for table `consumer`
--

INSERT INTO `consumer` (`id`, `consumerCode`, `consumerName`, `consumerPhone`, `consumerEmail`, `consumerAddress`) VALUES
(2, 2, 'Danny', 7809785634, 'danny@gmail.com', 'Ernakulam'),
(3, 3, 'Rajesh', 7898096798, 'rajesh@gmail.com', 'kochi'),
(4, 4, 'Terry', 8967097878, 'terry@gmail.com', 'trivandrum'),
(5, 5, 'Manu', 7809782389, 'manu@gmail.com', 'thrissur');

-- --------------------------------------------------------

--
-- Table structure for table `usages`
--

CREATE TABLE `usages` (
  `id` int(11) NOT NULL,
  `consumerid` int(11) NOT NULL,
  `unit` int(11) NOT NULL,
  `datetime` datetime NOT NULL
) ENGINE=InnoDB DEFAULT CHARSET=utf8mb4;

--
-- Dumping data for table `usages`
--

INSERT INTO `usages` (`id`, `consumerid`, `unit`, `datetime`) VALUES
(1, 2, 5, '2022-11-01 12:11:23'),
(2, 2, 3, '2022-10-01 12:12:12'),
(3, 2, 4, '2022-11-09 12:12:18'),
(4, 2, 6, '2022-11-10 12:12:24'),
(5, 2, 8, '2022-11-01 12:12:28'),
(6, 2, 1, '2022-10-10 12:12:33'),
(7, 2, 6, '2022-10-01 12:12:38'),
(8, 2, 7, '2022-10-05 12:12:43'),
(9, 3, 3, '2022-11-05 12:13:52'),
(10, 3, 4, '2022-10-06 12:14:13'),
(11, 3, 1, '2022-11-07 12:14:18'),
(12, 3, 2, '2022-11-10 12:14:21'),
(13, 3, 5, '2022-10-04 12:14:25'),
(14, 3, 7, '2022-10-17 12:14:30'),
(15, 3, 8, '2022-11-06 12:14:34'),
(16, 3, 7, '2022-11-08 12:14:40'),
(17, 3, 6, '2022-10-09 12:14:45'),
(18, 4, 2, '2022-10-11 12:15:25'),
(19, 4, 5, '2022-10-17 12:15:31'),
(20, 4, 6, '2022-10-19 12:15:35'),
(21, 4, 4, '2022-11-01 12:15:39'),
(22, 4, 7, '2022-10-13 12:15:42'),
(23, 4, 7, '2022-11-03 12:15:47'),
(24, 4, 8, '2022-10-09 12:15:51'),
(25, 5, 3, '2022-11-02 12:16:35'),
(26, 5, 2, '2022-10-22 12:16:44'),
(27, 5, 5, '2022-10-29 12:16:47'),
(28, 5, 6, '2022-10-30 12:16:51'),
(29, 5, 8, '2022-11-07 12:16:57'),
(30, 5, 6, '2022-10-14 12:17:00'),
(31, 5, 7, '2022-10-18 12:17:05'),
(32, 5, 4, '2022-10-19 12:17:10'),
(33, 2, 5, '2022-10-11 12:36:45'),
(34, 2, 4, '2022-10-03 12:36:52'),
(35, 2, 2, '2022-11-04 12:36:59'),
(36, 2, 8, '2022-11-02 12:37:03'),
(37, 2, 9, '2022-10-01 12:37:07'),
(38, 2, 8, '2022-10-21 12:37:12'),
(39, 2, 3, '2022-11-10 12:37:27'),
(40, 3, 3, '2022-10-22 12:41:23'),
(41, 3, 5, '2022-10-20 12:41:28'),
(42, 3, 8, '2022-10-22 12:41:32'),
(43, 3, 3, '2022-10-29 12:41:36'),
(44, 3, 7, '2022-10-28 12:41:40'),
(45, 3, 8, '2022-11-10 12:41:45'),
(46, 4, 2, '2022-11-04 12:48:57'),
(47, 4, 6, '2022-10-11 12:49:01'),
(48, 4, 3, '2022-10-13 12:49:06'),
(49, 4, 7, '2022-10-19 12:49:09'),
(50, 4, 9, '2022-10-27 12:49:13'),
(51, 2, 7, '2022-11-11 14:50:31'),
(52, 2, 5, '2022-11-11 14:50:31'),
(53, 2, 11, '2022-11-11 14:50:31'),
(54, 2, 2, '2022-11-11 14:50:31'),
(55, 2, 3, '2022-11-11 14:50:31'),
(56, 2, 7, '2022-11-11 14:50:31'),
(57, 2, 4, '2022-11-11 14:50:31'),
(58, 2, 1, '2022-11-11 14:50:31'),
(59, 2, 6, '2022-11-11 14:50:31'),
(60, 2, 7, '2022-11-11 14:50:31'),
(61, 2, 3, '2022-11-11 14:50:31'),
(62, 2, 9, '2022-11-11 14:50:31'),
(63, 2, 10, '2022-11-11 14:50:31'),
(64, 2, 3, '2022-11-11 14:50:31'),
(65, 2, 5, '2022-11-11 14:50:31'),
(66, 2, 1, '2022-11-11 14:50:31'),
(67, 2, 8, '2022-11-11 14:50:31'),
(68, 2, 3, '2022-11-11 14:50:31'),
(69, 2, 1, '2022-11-11 14:50:31'),
(70, 2, 7, '2022-11-11 14:50:31'),
(71, 2, 6, '2022-11-11 14:50:31'),
(72, 2, 6, '2022-11-11 14:50:31'),
(73, 2, 2, '2022-11-11 14:50:31'),
(74, 2, 2, '2022-11-11 14:50:31'),
(75, 2, 5, '2022-11-11 14:50:31'),
(76, 2, 9, '2022-11-11 14:50:31'),
(77, 2, 1, '2022-11-11 14:50:31'),
(78, 2, 1, '2022-11-11 14:50:31'),
(79, 2, 1, '2022-11-11 14:50:31'),
(80, 2, 1, '2022-11-11 14:50:31'),
(81, 2, 3, '2022-11-11 14:50:31'),
(82, 2, 1, '2022-11-11 14:50:31'),
(83, 2, 1, '2022-11-11 14:50:31'),
(84, 2, 7, '2022-11-11 14:50:31'),
(85, 2, 1, '2022-11-11 14:50:31'),
(86, 2, 8, '2022-11-11 14:50:31'),
(87, 2, 2, '2022-11-11 14:50:31'),
(88, 2, 3, '2022-11-11 14:50:31'),
(89, 2, 3, '2022-11-11 14:50:31'),
(90, 2, 3, '2022-11-11 14:50:31'),
(91, 2, 6, '2022-11-11 14:50:31'),
(92, 2, 9, '2022-11-11 14:50:31'),
(93, 2, 9, '2022-11-11 14:50:31'),
(94, 2, 4, '2022-11-11 14:50:31'),
(95, 2, 7, '2022-11-11 14:50:31'),
(96, 2, 7, '2022-11-11 14:50:31'),
(97, 2, 3, '2022-11-11 14:50:31'),
(98, 2, 3, '2022-11-11 14:50:31'),
(99, 2, 9, '2022-11-11 14:50:31'),
(100, 2, 2, '2022-11-11 14:50:31'),
(101, 2, 7, '2022-11-11 14:50:31'),
(102, 2, 4, '2022-11-11 14:50:31'),
(103, 2, 5, '2022-11-11 14:50:31'),
(104, 2, 2, '2022-11-11 14:50:31'),
(105, 2, 8, '2022-11-11 14:50:31'),
(106, 2, 11, '2022-11-11 14:50:31'),
(107, 2, 11, '2022-11-11 14:50:31'),
(108, 2, 9, '2022-11-11 14:50:31'),
(109, 2, 6, '2022-11-11 14:50:31'),
(110, 2, 3, '2022-11-11 14:50:31'),
(111, 2, 6, '2022-11-11 14:50:31'),
(112, 2, 4, '2022-11-11 14:50:31'),
(113, 2, 10, '2022-11-11 14:50:31'),
(114, 2, 5, '2022-11-11 14:50:31'),
(115, 2, 4, '2022-11-11 14:50:31'),
(116, 2, 8, '2022-11-11 14:50:31'),
(117, 2, 4, '2022-11-11 14:50:31'),
(118, 2, 3, '2022-11-11 14:50:31'),
(119, 2, 3, '2022-11-11 14:50:31'),
(120, 2, 11, '2022-11-11 14:50:31'),
(121, 2, 10, '2022-11-11 14:50:31'),
(122, 2, 10, '2022-11-11 14:50:31'),
(123, 2, 3, '2022-11-11 14:50:31'),
(124, 2, 8, '2022-11-11 14:50:31'),
(125, 2, 5, '2022-11-11 14:50:31'),
(126, 2, 6, '2022-11-11 14:50:31'),
(127, 2, 1, '2022-11-11 14:50:31'),
(128, 2, 2, '2022-11-11 14:50:31'),
(129, 2, 3, '2022-11-11 14:50:31'),
(130, 2, 7, '2022-11-11 14:50:31'),
(131, 2, 7, '2022-11-11 14:50:31'),
(132, 2, 5, '2022-11-11 14:50:31'),
(133, 2, 8, '2022-11-11 14:50:31'),
(134, 2, 1, '2022-11-11 14:50:31'),
(135, 2, 9, '2022-11-11 14:50:31'),
(136, 2, 3, '2022-11-11 14:50:31'),
(137, 2, 11, '2022-11-11 14:50:31'),
(138, 2, 5, '2022-11-11 14:50:31'),
(139, 2, 7, '2022-11-11 14:50:31'),
(140, 2, 8, '2022-11-11 14:50:31'),
(141, 2, 8, '2022-11-11 14:50:31'),
(142, 2, 11, '2022-11-11 14:50:31'),
(143, 2, 8, '2022-11-11 14:50:31'),
(144, 2, 1, '2022-11-11 14:50:31'),
(145, 2, 11, '2022-11-11 14:50:31'),
(146, 2, 3, '2022-11-11 14:50:31'),
(147, 2, 5, '2022-11-11 14:50:31'),
(148, 2, 11, '2022-11-11 14:50:31'),
(149, 2, 9, '2022-11-11 14:50:31'),
(150, 2, 3, '2022-11-11 14:50:31'),
(151, 2, 3, '2022-11-11 14:50:31'),
(152, 2, 10, '2022-11-11 14:50:31'),
(153, 2, 10, '2022-11-11 14:50:31'),
(154, 2, 3, '2022-11-11 14:50:31'),
(155, 2, 2, '2022-11-11 14:50:31'),
(156, 2, 5, '2022-11-11 14:50:31'),
(157, 2, 11, '2022-11-11 14:50:31'),
(158, 2, 7, '2022-11-11 14:50:31'),
(159, 2, 6, '2022-11-11 14:50:31'),
(160, 2, 5, '2022-11-11 14:50:31'),
(161, 2, 7, '2022-11-11 14:50:31'),
(162, 2, 8, '2022-11-11 14:50:31'),
(163, 2, 2, '2022-11-11 14:50:31'),
(164, 2, 2, '2022-11-11 14:50:31'),
(165, 2, 1, '2022-11-11 14:50:31'),
(166, 2, 11, '2022-11-11 14:50:31'),
(167, 2, 9, '2022-11-11 14:50:31'),
(168, 2, 2, '2022-11-11 14:50:31'),
(169, 2, 1, '2022-11-11 14:50:31'),
(170, 2, 4, '2022-11-11 14:50:31'),
(171, 2, 10, '2022-11-11 14:50:31'),
(172, 2, 1, '2022-11-11 14:50:31'),
(173, 2, 7, '2022-11-11 14:50:31'),
(174, 2, 1, '2022-11-11 14:50:32'),
(175, 2, 10, '2022-11-11 14:50:32'),
(176, 2, 1, '2022-11-11 14:50:32'),
(177, 2, 10, '2022-11-11 14:50:32'),
(178, 2, 11, '2022-11-11 14:50:32'),
(179, 2, 7, '2022-11-11 14:50:32'),
(180, 2, 6, '2022-11-11 14:50:32'),
(181, 2, 2, '2022-11-11 14:50:32'),
(182, 2, 2, '2022-11-11 14:50:32'),
(183, 2, 10, '2022-11-11 14:50:32'),
(184, 2, 7, '2022-11-11 14:50:32'),
(185, 2, 7, '2022-11-11 14:50:32'),
(186, 2, 4, '2022-11-11 14:50:32'),
(187, 2, 7, '2022-11-11 14:50:32'),
(188, 2, 6, '2022-11-11 14:50:32'),
(189, 2, 11, '2022-11-11 14:50:32'),
(190, 2, 4, '2022-11-11 14:50:32'),
(191, 2, 8, '2022-11-11 14:50:32'),
(192, 2, 8, '2022-11-11 14:50:32'),
(193, 2, 6, '2022-11-11 14:50:32'),
(194, 2, 10, '2022-11-11 14:50:32'),
(195, 2, 11, '2022-11-11 14:50:32'),
(196, 2, 9, '2022-11-11 14:50:32'),
(197, 2, 11, '2022-11-11 14:50:32'),
(198, 2, 10, '2022-11-11 14:50:32'),
(199, 2, 4, '2022-11-11 14:50:32'),
(200, 2, 11, '2022-11-11 14:50:32'),
(201, 2, 10, '2022-11-11 14:50:32'),
(202, 2, 1, '2022-11-11 14:50:32'),
(203, 2, 7, '2022-11-11 14:50:32'),
(204, 2, 2, '2022-11-11 14:50:32'),
(205, 2, 5, '2022-11-11 14:50:32'),
(206, 2, 5, '2022-11-11 14:50:32'),
(207, 2, 4, '2022-11-11 14:50:32'),
(208, 2, 4, '2022-11-11 14:50:32'),
(209, 2, 3, '2022-11-11 14:50:32'),
(210, 2, 5, '2022-11-11 14:50:32'),
(211, 2, 6, '2022-11-11 14:50:32'),
(212, 2, 10, '2022-11-11 14:50:32'),
(213, 2, 7, '2022-11-11 14:50:32'),
(214, 2, 4, '2022-11-11 14:50:32'),
(215, 2, 10, '2022-11-11 14:50:32'),
(216, 2, 6, '2022-11-11 14:50:32'),
(217, 2, 4, '2022-11-11 14:50:32'),
(218, 2, 4, '2022-11-11 14:50:32'),
(219, 2, 10, '2022-11-11 14:50:32'),
(220, 2, 5, '2022-11-11 14:50:32'),
(221, 2, 9, '2022-11-11 14:50:32'),
(222, 2, 11, '2022-11-11 14:50:32'),
(223, 2, 3, '2022-11-11 14:50:32'),
(224, 2, 8, '2022-11-11 14:50:32'),
(225, 2, 10, '2022-11-11 14:50:32'),
(226, 2, 2, '2022-11-11 14:50:32'),
(227, 2, 4, '2022-11-11 14:50:32'),
(228, 2, 1, '2022-11-11 14:50:32'),
(229, 2, 8, '2022-11-11 14:50:32'),
(230, 2, 9, '2022-11-11 14:50:32'),
(231, 2, 5, '2022-11-11 14:50:32'),
(232, 2, 2, '2022-11-11 14:50:32'),
(233, 2, 11, '2022-11-11 14:50:32'),
(234, 2, 8, '2022-11-11 14:50:32'),
(235, 2, 9, '2022-11-11 14:50:32'),
(236, 2, 5, '2022-11-11 14:50:32'),
(237, 2, 3, '2022-11-11 14:50:32'),
(238, 2, 3, '2022-11-11 14:50:32'),
(239, 2, 9, '2022-11-11 14:50:32'),
(240, 2, 4, '2022-11-11 14:50:32'),
(241, 2, 4, '2022-11-11 14:50:32'),
(242, 2, 1, '2022-11-11 14:50:32'),
(243, 2, 10, '2022-11-11 14:50:32'),
(244, 2, 7, '2022-11-11 14:50:32'),
(245, 2, 4, '2022-11-11 14:50:32'),
(246, 2, 6, '2022-11-11 14:50:32'),
(247, 2, 1, '2022-11-11 14:50:32'),
(248, 2, 11, '2022-11-11 14:50:32'),
(249, 2, 4, '2022-11-11 14:50:32'),
(250, 2, 4, '2022-11-11 14:50:32'),
(251, 2, 6, '2022-11-11 14:50:32'),
(252, 2, 9, '2022-11-11 14:50:32'),
(253, 2, 4, '2022-11-11 14:50:32'),
(254, 2, 3, '2022-11-11 14:50:32'),
(255, 2, 5, '2022-11-11 14:50:32'),
(256, 2, 10, '2022-11-11 14:50:32'),
(257, 2, 3, '2022-11-11 14:50:32'),
(258, 2, 6, '2022-11-11 14:50:32'),
(259, 2, 4, '2022-11-11 14:50:32'),
(260, 2, 10, '2022-11-11 14:50:32'),
(261, 2, 7, '2022-11-11 14:50:32'),
(262, 2, 6, '2022-11-11 14:50:32'),
(263, 2, 9, '2022-11-11 14:50:32'),
(264, 2, 9, '2022-11-11 14:50:32'),
(265, 2, 3, '2022-11-11 14:50:32'),
(266, 2, 4, '2022-11-11 14:50:32'),
(267, 2, 8, '2022-11-11 14:50:32'),
(268, 2, 7, '2022-11-11 14:50:32'),
(269, 2, 10, '2022-11-11 14:50:32'),
(270, 2, 6, '2022-11-11 14:50:32'),
(271, 2, 6, '2022-11-11 14:50:32'),
(272, 2, 6, '2022-11-11 14:50:32'),
(273, 2, 5, '2022-11-11 14:50:32'),
(274, 2, 2, '2022-11-11 14:50:32'),
(275, 2, 11, '2022-11-11 14:50:32'),
(276, 2, 4, '2022-11-11 14:50:32'),
(277, 2, 8, '2022-11-11 14:50:32'),
(278, 2, 1, '2022-11-11 14:50:32'),
(279, 2, 7, '2022-11-11 14:50:32'),
(280, 2, 4, '2022-11-11 14:50:32'),
(281, 2, 6, '2022-11-11 14:50:32'),
(282, 2, 1, '2022-11-11 14:50:32'),
(283, 2, 4, '2022-11-11 14:50:32'),
(284, 2, 4, '2022-11-11 14:50:32'),
(285, 2, 5, '2022-11-11 14:50:32'),
(286, 2, 6, '2022-11-11 14:50:32'),
(287, 2, 9, '2022-11-11 14:50:32'),
(288, 2, 7, '2022-11-11 14:50:32'),
(289, 2, 3, '2022-11-11 14:50:32'),
(290, 2, 8, '2022-11-11 14:50:32'),
(291, 2, 10, '2022-11-11 14:50:32'),
(292, 2, 10, '2022-11-11 14:50:32'),
(293, 2, 10, '2022-11-11 14:50:32'),
(294, 2, 7, '2022-11-11 14:50:32'),
(295, 2, 7, '2022-11-11 14:50:32'),
(296, 2, 8, '2022-11-11 14:50:32'),
(297, 2, 10, '2022-11-11 14:50:32'),
(298, 2, 3, '2022-11-11 14:50:32'),
(299, 2, 8, '2022-11-11 14:50:32'),
(300, 2, 8, '2022-11-11 14:50:32'),
(301, 2, 4, '2022-11-11 14:50:32'),
(302, 2, 3, '2022-11-11 14:50:32'),
(303, 2, 4, '2022-11-11 14:50:32'),
(304, 2, 2, '2022-11-11 14:50:32'),
(305, 2, 6, '2022-11-11 14:50:32'),
(306, 2, 1, '2022-11-11 14:50:32'),
(307, 2, 2, '2022-11-11 14:50:32'),
(308, 2, 7, '2022-11-11 14:50:32'),
(309, 2, 7, '2022-11-11 14:50:32'),
(310, 2, 4, '2022-11-11 14:50:32'),
(311, 2, 9, '2022-11-11 14:50:32'),
(312, 2, 5, '2022-11-11 14:50:32'),
(313, 2, 1, '2022-11-11 14:50:32'),
(314, 2, 10, '2022-11-11 14:50:32'),
(315, 2, 4, '2022-11-11 14:50:32'),
(316, 2, 4, '2022-11-11 14:50:32'),
(317, 2, 5, '2022-11-11 14:50:32'),
(318, 2, 7, '2022-11-11 14:50:32'),
(319, 2, 2, '2022-11-11 14:50:32'),
(320, 2, 4, '2022-11-11 14:50:32'),
(321, 2, 2, '2022-11-11 14:50:32'),
(322, 2, 11, '2022-11-11 14:50:32'),
(323, 2, 7, '2022-11-11 14:50:32'),
(324, 2, 10, '2022-11-11 14:50:32'),
(325, 2, 3, '2022-11-11 14:50:32'),
(326, 2, 8, '2022-11-11 14:50:32'),
(327, 2, 5, '2022-11-11 14:50:32'),
(328, 2, 2, '2022-11-11 14:50:32'),
(329, 2, 6, '2022-11-11 14:50:32'),
(330, 2, 6, '2022-11-11 14:50:32'),
(331, 2, 8, '2022-11-11 14:50:32'),
(332, 2, 6, '2022-11-11 14:50:32'),
(333, 2, 8, '2022-11-11 14:50:32'),
(334, 2, 7, '2022-11-11 14:50:32'),
(335, 2, 2, '2022-11-11 14:50:32'),
(336, 2, 6, '2022-11-11 14:50:32'),
(337, 2, 4, '2022-11-11 14:50:32'),
(338, 2, 4, '2022-11-11 14:50:32'),
(339, 2, 9, '2022-11-11 14:50:32'),
(340, 2, 2, '2022-11-11 14:50:32'),
(341, 2, 4, '2022-11-11 14:50:32'),
(342, 2, 2, '2022-11-11 14:50:32'),
(343, 2, 9, '2022-11-11 14:50:32'),
(344, 2, 2, '2022-11-11 14:50:32'),
(345, 2, 4, '2022-11-11 14:50:32'),
(346, 2, 10, '2022-11-11 14:50:32'),
(347, 2, 9, '2022-11-11 14:50:32'),
(348, 2, 8, '2022-11-11 14:50:32'),
(349, 2, 3, '2022-11-11 14:50:32'),
(350, 2, 1, '2022-11-11 14:50:32'),
(351, 2, 10, '2022-11-11 14:50:32'),
(352, 2, 11, '2022-11-11 14:50:32'),
(353, 2, 8, '2022-11-11 14:50:32'),
(354, 2, 3, '2022-11-11 14:50:32'),
(355, 2, 3, '2022-11-11 14:50:32'),
(356, 2, 8, '2022-11-11 14:50:32'),
(357, 2, 4, '2022-11-11 14:50:32'),
(358, 2, 9, '2022-11-11 14:50:32'),
(359, 2, 5, '2022-11-11 14:50:33'),
(360, 2, 5, '2022-11-11 14:50:33'),
(361, 2, 2, '2022-11-11 14:50:33'),
(362, 2, 6, '2022-11-11 14:50:33'),
(363, 2, 8, '2022-11-11 14:50:33'),
(364, 2, 11, '2022-11-11 14:50:33'),
(365, 2, 11, '2022-11-11 14:50:33'),
(366, 2, 2, '2022-11-11 14:50:33'),
(367, 2, 3, '2022-11-11 14:50:33'),
(368, 2, 4, '2022-11-11 14:50:33'),
(369, 2, 10, '2022-11-11 14:50:33'),
(370, 2, 2, '2022-11-11 14:50:33'),
(371, 2, 6, '2022-11-11 14:50:33'),
(372, 2, 11, '2022-11-11 14:50:33'),
(373, 2, 10, '2022-11-11 14:50:33'),
(374, 2, 7, '2022-11-11 14:50:33'),
(375, 2, 8, '2022-11-11 14:50:33'),
(376, 2, 6, '2022-11-11 14:50:33'),
(377, 2, 6, '2022-11-11 14:50:33'),
(378, 2, 4, '2022-11-11 14:50:33'),
(379, 2, 9, '2022-11-11 14:50:33'),
(380, 2, 11, '2022-11-11 14:50:33'),
(381, 2, 5, '2022-11-11 14:50:33'),
(382, 2, 2, '2022-11-11 14:50:33'),
(383, 2, 7, '2022-11-11 14:50:33'),
(384, 2, 6, '2022-11-11 14:50:33'),
(385, 2, 9, '2022-11-11 14:50:33'),
(386, 2, 9, '2022-11-11 14:50:33'),
(387, 2, 9, '2022-11-11 14:50:33'),
(388, 2, 11, '2022-11-11 14:50:33'),
(389, 2, 1, '2022-11-11 14:50:33'),
(390, 2, 10, '2022-11-11 14:50:33'),
(391, 2, 4, '2022-11-11 14:50:33'),
(392, 2, 10, '2022-11-11 14:50:33'),
(393, 2, 1, '2022-11-11 14:50:33'),
(394, 2, 2, '2022-11-11 14:50:33'),
(395, 2, 4, '2022-11-11 14:50:33'),
(396, 2, 4, '2022-11-11 14:50:33'),
(397, 2, 11, '2022-11-11 14:50:33'),
(398, 2, 7, '2022-11-11 14:50:33'),
(399, 2, 8, '2022-11-11 14:50:33'),
(400, 2, 11, '2022-11-11 14:50:33'),
(401, 2, 9, '2022-11-11 14:50:33'),
(402, 2, 3, '2022-11-11 14:50:33'),
(403, 2, 2, '2022-11-11 14:50:33'),
(404, 2, 4, '2022-11-11 14:50:33'),
(405, 2, 6, '2022-11-11 14:50:33'),
(406, 2, 7, '2022-11-11 14:50:33'),
(407, 2, 4, '2022-11-11 14:50:33'),
(408, 2, 1, '2022-11-11 14:50:33'),
(409, 2, 2, '2022-11-11 14:50:33'),
(410, 2, 10, '2022-11-11 14:50:33'),
(411, 2, 1, '2022-11-11 14:50:33'),
(412, 2, 4, '2022-11-11 14:50:33'),
(413, 2, 9, '2022-11-11 14:50:33'),
(414, 2, 5, '2022-11-11 14:50:33'),
(415, 2, 6, '2022-11-11 14:50:33'),
(416, 2, 6, '2022-11-11 14:50:33'),
(417, 2, 3, '2022-11-11 14:50:33'),
(418, 2, 2, '2022-11-11 14:50:33'),
(419, 2, 8, '2022-11-11 14:50:33'),
(420, 2, 11, '2022-11-11 14:50:33'),
(421, 2, 4, '2022-11-11 14:50:33'),
(422, 2, 7, '2022-11-11 14:50:33'),
(423, 2, 9, '2022-11-11 14:50:33'),
(424, 2, 5, '2022-11-11 14:50:33'),
(425, 2, 11, '2022-11-11 14:50:33'),
(426, 2, 5, '2022-11-11 14:50:33'),
(427, 2, 7, '2022-11-11 14:50:33'),
(428, 2, 1, '2022-11-11 14:50:33'),
(429, 2, 7, '2022-11-11 14:50:33'),
(430, 2, 7, '2022-11-11 14:50:33'),
(431, 2, 5, '2022-11-11 14:50:33'),
(432, 2, 3, '2022-11-11 14:50:33'),
(433, 2, 7, '2022-11-11 14:50:33'),
(434, 2, 4, '2022-11-11 14:50:33'),
(435, 2, 8, '2022-11-11 14:50:33'),
(436, 2, 4, '2022-11-11 14:50:33'),
(437, 2, 11, '2022-11-11 14:50:33'),
(438, 2, 4, '2022-11-11 14:50:33'),
(439, 2, 6, '2022-11-11 14:50:33'),
(440, 2, 4, '2022-11-11 14:50:33'),
(441, 2, 11, '2022-11-11 14:50:33'),
(442, 2, 2, '2022-11-11 14:50:33'),
(443, 2, 6, '2022-11-11 14:50:33'),
(444, 2, 2, '2022-11-11 14:50:33'),
(445, 2, 8, '2022-11-11 14:50:33'),
(446, 2, 9, '2022-11-11 14:50:33'),
(447, 2, 8, '2022-11-11 14:50:33'),
(448, 2, 11, '2022-11-11 14:52:59'),
(449, 2, 1, '2022-11-11 14:52:59'),
(450, 2, 2, '2022-11-11 14:52:59'),
(465, 2, 6, '2022-11-11 16:16:49'),
(466, 2, 4, '2022-11-11 16:16:54'),
(467, 2, 4, '2022-11-11 16:17:34'),
(468, 2, 10, '2022-11-11 16:17:39'),
(469, 2, 2, '2022-11-11 16:29:16'),
(470, 2, 5, '2022-11-11 16:29:21'),
(471, 2, 1, '2022-11-11 16:29:26');

--
-- Indexes for dumped tables
--

--
-- Indexes for table `bill`
--
ALTER TABLE `bill`
  ADD PRIMARY KEY (`id`);

--
-- Indexes for table `consumer`
--
ALTER TABLE `consumer`
  ADD PRIMARY KEY (`id`);

--
-- Indexes for table `usages`
--
ALTER TABLE `usages`
  ADD PRIMARY KEY (`id`);

--
-- AUTO_INCREMENT for dumped tables
--

--
-- AUTO_INCREMENT for table `bill`
--
ALTER TABLE `bill`
  MODIFY `id` int(11) NOT NULL AUTO_INCREMENT, AUTO_INCREMENT=74;

--
-- AUTO_INCREMENT for table `consumer`
--
ALTER TABLE `consumer`
  MODIFY `id` int(11) NOT NULL AUTO_INCREMENT, AUTO_INCREMENT=8;

--
-- AUTO_INCREMENT for table `usages`
--
ALTER TABLE `usages`
  MODIFY `id` int(11) NOT NULL AUTO_INCREMENT, AUTO_INCREMENT=472;
COMMIT;

/*!40101 SET CHARACTER_SET_CLIENT=@OLD_CHARACTER_SET_CLIENT */;
/*!40101 SET CHARACTER_SET_RESULTS=@OLD_CHARACTER_SET_RESULTS */;
/*!40101 SET COLLATION_CONNECTION=@OLD_COLLATION_CONNECTION */;
